DocID,word_count
0,31
1,20
2,28
3,33
4,32
5,27
6,22
7,51
8,14
9,23
10,27
11,19
12,56
13,33
14,25
15,44
16,28
17,42
18,31
19,40
20,24
21,29
22,17
23,16
24,24
25,38
26,25
27,18
28,30
29,30
30,31
31,25
32,35
33,33
34,24
35,33
36,32
37,34
38,20
39,28
40,20
41,30
42,20
43,37
44,29
45,35
46,27
47,34
48,32
49,37
50,45
51,31
52,49
53,34
54,45
55,31
56,41
57,24
58,36
59,57
60,58
61,56
62,100
63,61
64,48
65,68
66,49
67,49
68,68
69,31
70,22
71,44
72,32
73,42
74,36
75,32
76,37
77,37
78,43
79,32
80,31
81,43
82,33
83,41
84,37
85,38
86,36
87,30
88,35
89,36
90,30
91,35
92,38
93,21
94,17
95,17
96,59
97,25
98,36
99,42
