Term,DocID,Frequency
01,92,1
01,95,1
1,89,1
1,92,1
1,99,1
16,78,2
17,78,1
1841,99,2
1904,99,2
1977,92,1
1977,95,1
1981,89,1
1981,91,1
20,93,1
2016,90,1
2016,96,1
2017,96,1
23,78,1
31,77,1
37,75,1
4,85,1
41,92,1
594,92,1
594,95,1
8,99,1
88,75,1
9,77,1
abdomen,84,1
abdomen,86,1
abdominal,79,1
abdominal,80,1
abdominal,84,1
about,94,1
academy,92,1
academy,95,1
accepted,97,1
according,75,1
acid,88,1
additionally,91,1
affiliated,92,1
after,77,1
agricultural,75,1
aids,85,1
alabama,89,1
alabama,98,1
all,82,1
already,86,1
also,75,1
also,78,1
also,79,1
also,85,1
also,88,1
also,96,1
always,77,1
amateur,99,1
american,96,1
amount,81,1
animals,82,1
anton,99,1
any,77,1
aorta,79,1
aorta,80,1
appointments,97,1
april,75,1
april,77,1
areas,89,1
army,96,2
arrangement,82,1
articular,87,1
articulates,87,1
arts,96,1
atlantic,92,1
auto,89,1
autumn,77,1
autumn,78,1
available,97,1
bachelor,96,1
barley,75,1
barley,76,2
barley,77,2
barley,78,3
because,86,1
been,78,1
been,91,1
beginning,77,1
begins,77,1
below,75,1
bend,83,1
beta,96,1
body,81,1
body,83,1
bones,82,2
book,75,1
born,99,1
borowski,75,1
both,90,1
both,96,1
bottom,87,1
boy,99,1
bread,78,1
breathing,85,1
building,91,1
building,98,1
buildings,89,2
business,91,1
but,77,1
butcher,99,1
cage,81,2
cage,82,1
cage,83,2
cage,84,2
cage,85,1
cage,86,1
called,78,1
called,88,1
can,79,1
can,80,1
can,86,2
career,99,1
carolina,89,2
carolina,98,2
caught,88,1
cause,79,1
cause,86,1
caused,80,2
causes,81,1
cavity,85,2
center,92,1
centuries,76,1
chance,81,1
chance,86,1
change,97,1
chart,75,1
chest,85,2
chief,90,1
chief,94,1
chief,96,1
churches,89,1
claim,76,1
click,94,1
closest,87,1
colleges,89,1
colon,81,2
colon,88,1
column,82,1
come,88,1
commercial,89,3
commercial,91,2
commercial,98,1
compliance,93,1
concluded,77,1
concrete,89,2
concrete,91,1
concrete,98,1
condition,88,1
conducted,83,1
consists,87,1
constitutional,96,1
consumer,93,1
contained,85,1
contractor,91,1
contractor,98,1
contrary,99,1
correct,76,1
costochondritis,88,1
could,79,1
country,77,1
credit,90,3
credit,94,1
credit,96,3
crest,87,1
crisfield,92,1
crop,76,1
current,90,1
current,96,1
d,76,1
damage,83,1
damaged,83,1
danger,80,1
decided,76,1
decks,91,1
decks,98,1
degree,96,1
diaphragm,85,1
did,76,1
digestive,84,1
directly,97,1
disambiguation,82,1
disorder,79,1
dissection,79,1
dissection,80,1
divided,87,1
division,91,1
doctor,97,1
does,88,1
dr,92,2
dr,95,1
dr,97,2
due,83,1
during,75,1
during,78,1
duty,91,1
duty,98,1
dvo,99,1
dying,80,1
each,87,1
early,77,1
eating,80,1
education,95,1
either,88,1
elevated,91,1
elevated,98,1
emergency,92,1
encloses,82,1
encouraged,99,1
end,75,2
end,77,1
end,78,1
end,87,1
even,76,1
even,77,1
even,88,1
examination,83,1
except,82,1
excessive,81,1
exodus,77,1
exodus,78,1
experience,83,1
experience,92,2
experience,93,1
expertise,93,1
extensive,93,1
extent,83,1
f,77,1
facets,87,1
fairly,88,1
faster,78,1
father,99,2
fatty,80,1
feast,78,1
feel,86,1
feeling,81,1
festival,78,1
finance,93,1
financial,90,2
financial,93,1
financial,94,1
financial,96,2
first,76,1
firstfruits,78,1
fn,92,1
fn,95,1
food,82,2
foods,80,1
form,84,1
formed,82,1
found,85,2
foundation,92,1
foundations,91,1
foundations,98,1
frequently,97,1
frog,82,1
funding,93,1
gallbladder,84,1
gas,81,3
gas,88,1
general,92,1
georgia,89,1
georgia,98,1
get,83,1
gezer,75,1
given,77,1
god,76,1
grade,91,1
grade,98,1
graduated,92,1
graduated,95,1
grain,78,3
handled,89,1
hardscaping,91,1
hardscaping,98,1
harvest,76,1
harvest,77,2
harvest,78,2
harvested,75,1
harvested,78,1
have,78,1
have,81,1
head,87,2
heart,79,1
heart,82,1
heart,84,1
heart,85,2
heavy,91,1
heavy,98,1
hemorrhage,80,1
here,81,1
here,85,1
hill,77,1
hinge,76,1
his,90,1
his,96,1
his,99,3
history,96,1
holds,96,1
horizontal,87,1
hospital,92,1
however,79,1
if,76,1
if,80,1
if,83,2
illnesses,79,1
immediate,80,1
inc,89,1
inc,91,1
inc,98,1
include,79,1
include,84,1
include,89,1
included,78,1
individual,82,1
industry,93,1
inflammation,79,1
inflammation,80,1
information,97,2
injury,83,1
innkeeper,99,1
insurance,97,2
internal,80,1
intestine,84,2
into,87,1
involved,80,1
irritation,86,1
january,90,1
january,96,1
jericho,77,1
jerusalem,76,1
june,77,1
just,81,1
k,99,1
kappa,96,1
kidney,79,1
kidney,87,1
kidneys,84,1
lamprey,82,1
landscaping,91,1
large,84,1
later,75,1
later,76,1
latvia,92,1
latvia,95,1
latvian,92,1
latvian,95,1
leaders,76,1
learn,94,1
left,79,1
left,80,1
left,81,3
left,85,1
left,86,3
left,88,1
legal,96,1
legend,99,1
lendmark,90,3
lendmark,94,1
lendmark,96,3
less,88,1
licensed,98,1
lie,84,2
life,80,1
likely,83,1
liver,84,1
llc,90,2
llc,94,1
llc,96,2
loaf,78,1
locality,77,1
location,92,1
long,90,1
long,96,1
lower,83,1
lungs,82,1
lungs,84,1
lungs,85,2
major,80,1
management,91,1
management,93,2
management,98,1
manages,90,1
manages,96,1
manual,75,1
manufacturing,89,1
many,84,1
march,77,1
marked,87,1
matured,78,1
may,75,1
may,77,1
may,81,2
may,97,1
may,99,1
mccready,92,1
md,92,1
med,92,1
med,95,1
medical,89,1
medical,92,1
medical,95,1
medication,88,2
medicine,92,1
member,96,1
might,88,1
minnesota,96,1
moon,76,1
more,94,1
most,84,1
musical,99,1
musician,99,1
n,99,1
named,90,1
named,94,1
named,96,1
near,77,1
near,78,1
neck,87,1
new,76,3
nly,85,1
no,99,1
north,89,1
north,98,1
not,76,2
not,77,1
not,88,1
not,97,1
not,99,2
noted,85,1
numbered,87,1
o,85,1
obstacles,99,1
obviously,76,1
obviously,85,1
occasions,76,1
offered,78,1
offerings,78,1
office,97,2
officer,90,1
officer,94,1
officer,96,1
offices,89,1
one,76,1
one,83,2
one,85,1
only,85,1
only,99,1
operational,93,1
organs,81,1
organs,84,3
organs,85,1
other,82,1
other,85,1
other,92,1
our,89,1
over,93,1
oversees,90,1
oversees,96,1
page,75,2
pain,79,1
pain,80,1
pain,81,2
pain,83,2
pain,86,1
pain,88,1
pains,86,1
palestine,77,1
pancreas,80,1
pancreas,84,1
pancreatitis,79,1
pancreatitis,80,1
part,84,2
part,85,1
part,87,1
paving,91,1
paving,98,1
peninsula,92,1
pentecost,78,2
people,85,1
pericardritis,79,1
person,85,1
pharisaical,76,1
phi,96,1
philosophy,90,1
philosophy,96,1
planted,78,1
plants,89,2
please,97,1
pneumothorax,79,1
portion,86,1
positively,99,1
possibility,88,1
possible,81,1
poverty,99,1
precedes,77,1
projects,89,1
protected,84,1
proud,96,1
pursuit,99,1
put,99,1
qsr,75,1
rains,77,1
ray,83,1
reasons,81,1
reasons,86,1
recently,94,1
reflux,88,1
region,84,1
regional,92,1
reproduced,75,1
require,88,1
reserves,96,1
residential,91,1
resolve,88,1
restaurants,89,1
retail,89,1
retaining,91,1
retaining,98,1
reverberating,86,1
rib,81,2
rib,82,3
rib,83,2
rib,84,2
rib,85,1
rib,86,1
rib,87,2
ribcage,86,1
ribs,79,1
ribs,80,1
ribs,82,3
ribs,83,2
ribs,88,1
riga,92,1
riga,95,1
right,83,2
ripened,78,1
ripens,75,1
risk,80,1
risk,93,2
role,90,1
role,96,1
ruptured,86,1
s,75,1
s,85,1
s,95,1
s,96,2
s,97,3
s,99,1
sac,79,1
sanhedrin,76,1
school,95,1
season,75,1
second,76,1
securitization,93,1
see,75,1
see,82,3
september,99,1
serious,79,1
serious,88,1
served,96,1
service,89,1
services,89,1
services,90,2
services,91,1
services,93,1
services,94,1
services,96,2
services,98,2
set,83,1
shaft,87,1
shaped,87,1
sharp,83,1
sharp,88,1
she,92,1
short,90,1
short,96,1
should,83,1
side,79,1
side,80,1
side,81,1
side,83,1
side,86,2
side,88,1
simple,88,1
since,89,1
since,91,1
situation,80,1
sixth,75,1
slabs,91,1
slabs,98,1
small,84,1
some,79,1
some,81,1
some,86,1
son,99,1
sooner,78,1
south,89,1
south,98,1
sown,77,1
specialized,91,1
specialized,98,1
specializes,92,1
spine,87,1
spleen,79,1
spleen,84,1
spleen,86,2
spring,78,1
staircases,91,1
staircases,98,1
start,76,2
state,76,2
sternum,82,1
steve,90,2
steve,93,1
steve,94,2
steve,96,3
stomach,84,1
stones,79,1
storm,91,1
storm,98,1
strategy,90,1
strategy,93,1
strategy,96,1
structures,91,2
structures,98,2
stuck,81,3
study,83,1
such,84,1
such,89,1
such,91,1
such,98,1
surface,87,1
system,84,1
tennessee,98,1
term,90,1
term,96,1
than,75,1
then,83,2
then,85,1
there,79,1
there,81,1
there,86,1
there,88,2
these,79,1
these,84,1
these,88,1
they,87,1
this,79,1
this,80,1
this,85,1
this,86,1
this,88,1
thorax,82,1
top,87,1
towards,86,1
training,95,1
treatment,88,1
tries,83,1
twist,83,1
two,87,1
u,96,2
under,79,1
under,80,1
under,81,2
under,83,1
under,84,1
under,85,1
under,88,1
university,96,1
unleavened,78,1
until,77,1
upper,86,1
use,76,1
useful,85,1
uses,82,1
usually,86,1
various,86,1
verify,97,1
verses,78,1
vertebral,82,1
vertebrates,82,1
very,79,1
very,80,1
veteran,96,1
vital,84,1
walls,91,1
walls,98,1
water,91,1
water,98,1
way,99,1
well,99,1
what,81,1
wheat,75,1
wheat,77,1
wheat,78,1
wheeler,89,1
wheeler,91,1
wheeler,92,2
wheeler,94,2
wheeler,95,1
wheeler,97,2
wheeler,98,2
when,83,1
where,96,1
which,77,1
which,85,1
which,87,2
who,96,1
why,81,1
wife,99,1
wkl,75,1
works,92,1
worsens,83,1
would,78,2
would,79,1
would,85,1
x,83,1
year,76,2
years,92,1
years,93,1
you,81,2
you,86,1
your,80,1
your,81,3
your,86,3
your,97,1
yrh,75,1
