Term,Count
000,2
01,2
1,6
10,1
100,2
13th,1
15,2
16,3
17,1
1841,2
1850s,1
1873,1
1877,1
1882,2
1890,1
1900,1
1904,2
1905,1
1913,1
194,1
1942,2
1945,1
1946,2
1977,2
1981,2
2,5
20,1
2016,2
2017,1
23,1
3,4
31,1
34,1
37,1
4,2
41,1
43,1
50,3
594,2
7,1
78,1
8,1
88,1
9,1
90,1
95,3
abdomen,2
abdominal,3
ability,1
abnormal,1
about,6
academic,1
academy,2
accepted,1
accomplished,1
according,1
accountability,1
accounted,1
achieved,4
achievement,1
acid,6
acids,5
act,2
active,1
acts,1
actual,1
additionally,1
adjacent,1
administration,1
adr,1
adult,1
adults,1
advertising,2
advocates,1
aesthetic,1
aestivum,1
aetiology,1
affect,1
affected,2
affects,1
affiliated,1
after,4
again,1
against,1
age,6
agricultural,2
aid,1
aids,1
aim,1
aimed,1
al,1
alabama,2
alamos,1
alcohol,1
alcoholism,1
alcohols,4
all,9
already,1
also,15
always,1
amateur,1
amazing,1
amber,2
america,3
american,5
americans,1
amid,1
amongst,1
amount,3
analysis,8
ancient,1
angell,2
animal,1
animals,1
annual,1
another,1
antagonist,1
anticipated,1
antigens,1
anton,1
any,2
aorta,2
apologies,1
appointments,1
approach,1
april,3
area,1
areas,4
army,6
around,3
arrangement,1
articular,1
articulates,1
arts,1
arturo,1
assault,1
associated,1
assure,1
assured,1
atlantic,1
atomic,9
attacks,3
attempt,2
australia,1
authored,1
auto,1
autoimmune,14
autumn,4
available,2
awareness,1
away,1
b,3
bachelor,1
back,2
bad,1
bank,1
bariatric,1
barley,17
based,2
basic,1
became,1
because,2
become,1
been,5
beer,1
before,3
began,1
beginning,1
begins,2
behaviour,1
being,1
below,2
bend,1
besides,1
best,1
beta,1
between,13
beverages,1
biblica,1
big,1
bile,24
biliary,10
bilirubin,1
bill,1
biogenesis,1
bladder,1
blood,2
boards,2
body,6
bomb,4
bombs,3
bones,2
book,1
boom,1
born,1
borowski,1
both,2
botox,1
bottom,1
boy,1
brad,1
branches,1
bread,1
breathing,1
bright,1
bring,2
britain,1
brother,1
brothers,1
brown,3
building,2
buildings,2
bulbs,1
bulk,1
bull,1
bundles,2
busiest,1
business,1
but,13
butcher,1
c,3
caffeine,2
cage,9
called,7
came,2
camus,1
can,22
canada,3
canaliculi,1
cancer,2
carcinoma,1
care,4
career,1
carlo,1
carolina,4
carries,3
cases,3
caught,1
cause,5
caused,4
causes,9
cavity,2
cell,2
cells,11
center,2
centuries,1
century,1
cereal,1
cereale,1
certain,3
cfo,1
challenged,1
chance,2
change,2
changes,2
charles,1
chart,1
chemical,2
chemicals,1
chest,2
chief,3
childhood,1
china,2
chinese,9
choice,1
cholanoids,4
cholestasis,2
cholestatic,1
chronic,1
churches,1
circle,1
circles,2
circulates,2
cirrhosis,16
cities,1
civil,2
claim,2
clarity,1
class,1
classified,1
cleveland,1
click,1
client,1
climate,1
clinic,1
clinica,1
closest,1
cloud,1
co,1
coal,1
coast,1
coffee,2
cold,1
collection,1
colleges,1
colon,3
color,10
colored,2
colorless,1
colors,2
columbia,1
column,1
combination,1
combine,2
combining,1
come,1
commercial,6
committees,1
common,4
communication,1
communities,4
community,11
comparing,2
comparisons,1
complementary,1
completed,1
completely,1
complex,4
compliance,1
component,2
composed,2
concentrated,1
concentration,1
concept,1
conceptualised,2
concerned,1
concerning,2
concluded,1
concrete,4
condition,1
conducive,1
conducted,2
conductive,2
conferencing,1
confidence,1
confirm,1
congress,1
conjunction,1
considers,1
consists,1
constitutional,1
consumed,1
consumer,3
contained,1
continues,1
contractor,2
contrary,1
control,1
cook,2
cooperative,1
corps,3
correct,1
corresponding,2
corruption,1
corticosteroids,4
cosmetic,2
cost,2
costa,15
costochondritis,1
costs,1
could,4
countries,2
country,2
coverage,1
covered,1
creates,1
credit,7
crest,1
crime,6
criminal,7
crisfield,1
crop,2
crops,1
crosstalk,1
cuisine,1
cultivated,1
cultural,1
cups,1
current,2
d,1
damage,7
damaged,1
damages,3
danger,1
dark,3
darker,2
data,1
dating,1
days,2
dazzle,1
dead,1
decade,2
decided,1
deciding,1
decks,2
decreased,1
degree,1
degrees,1
dehydrated,1
demonstrates,1
density,3
dental,1
dentistry,1
department,1
depending,1
described,2
desert,1
designated,1
designed,2
destination,3
destroyed,2
destroys,4
details,1
determine,2
determining,1
detonated,1
develop,1
development,2
diabetes,1
diagnosis,1
dialogue,1
dialogues,1
diaphragm,1
did,2
difference,1
different,1
diffusion,2
digest,2
digestion,1
digestive,3
diplomatic,1
direction,1
directly,1
director,1
disambiguation,1
discrimination,1
discuss,1
discussions,1
disease,9
diseases,3
disorder,1
disorders,12
dispute,5
dissection,2
distilled,1
distinction,1
disturbances,1
diuretic,1
divided,1
division,1
do,2
doctor,1
document,1
doe,1
does,2
doing,1
domestic,1
dominance,1
done,2
down,1
dr,5
drank,2
drink,1
drinking,3
drought,1
drug,1
ducts,8
dudley,1
due,4
during,6
duty,2
dvo,1
dying,1
e,2
each,3
earlier,1
earliest,1
early,3
easy,1
eaten,1
eating,2
eco,2
economic,1
economy,1
education,1
effective,1
either,1
electrospray,4
elements,1
elevated,2
emerged,1
emergency,1
emphasizes,1
empirical,1
employing,1
encloses,1
encouraged,1
end,9
energy,1
engineers,3
engineersbegan,1
entitled,1
equally,1
equivalent,2
era,1
eroded,1
errors,1
especially,2
essay,1
et,1
etc,1
ethnic,1
europe,1
even,4
evolved,1
ex,2
examination,3
examinations,1
example,1
excellent,2
except,1
excessive,1
exclusion,2
exclusively,1
excreta,2
existence,1
exodus,2
expectancy,1
experience,5
expertise,1
extended,1
extensive,1
extent,1
extraordinarily,1
f,1
facets,1
facilitate,1
facilitator,1
fact,2
factor,1
factors,2
factory,1
fairly,1
fall,1
families,2
family,1
faster,1
father,2
fats,3
fatty,3
feast,1
feasts,1
features,3
federation,1
feel,1
feeling,1
female,1
ferdinandusse,1
fermentable,1
festival,1
festivals,1
few,1
figure,1
filter,1
finally,1
finance,1
financial,6
firm,1
first,9
firstfruits,1
flow,2
flowing,1
flows,1
fluid,1
fluids,1
fn,2
focus,1
fodder,1
following,2
food,5
foods,3
foreigners,1
forever,2
form,4
formation,1
formed,2
forms,1
fosters,1
found,4
foundation,1
foundations,2
frequently,2
friends,1
frog,1
function,1
funding,1
future,1
g,2
gadget,1
gallbladder,1
garment,1
gas,4
gave,1
general,4
generally,1
generation,1
genetic,1
geographic,1
georgia,2
get,4
gezer,1
gilded,1
giovannitti,1
give,1
given,1
giving,1
gland,1
glossary,1
glucose,3
go,1
goal,1
god,2
going,1
gold,1
good,1
got,1
gov,1
governments,1
grade,2
gradient,1
gradual,2
graduated,2
grain,6
grains,1
grape,2
grass,1
great,1
greatest,1
greenish,1
group,1
groups,1
groves,2
growing,2
grown,1
growth,1
haaglund,1
had,5
handled,1
hanford,1
hanging,1
happened,1
hardscaping,2
harm,4
harrison,1
harvest,16
harvested,2
have,4
having,1
haywood,1
head,2
health,8
healthcare,1
heart,5
heavy,2
helped,3
helps,4
hemochromatosis,1
hemorrhage,1
hepatitis,7
hepatocellular,1
hepatocytes,1
here,4
hereditary,1
heritage,2
higher,1
highest,3
hill,2
hinge,1
hint,1
his,5
history,6
hlas,1
holds,1
holy,1
home,1
honey,1
hordeum,1
horizontal,1
hospital,4
hospitals,1
hours,1
how,1
however,5
http,1
hubert,1
hue,2
human,2
hundreds,1
i,3
identifiable,1
identifying,1
if,7
ii,4
ile,1
illnesses,1
immediate,1
immigrants,2
immigration,5
immune,4
impact,1
important,1
impressive,1
inborn,1
inc,3
incident,1
include,4
included,1
includes,5
including,3
increases,1
indeterminate,1
indicator,1
individual,2
industrial,8
industry,3
infancy,1
infections,1
inflammation,4
information,2
inherent,1
initially,1
injured,1
injuries,1
injury,3
inner,1
innkeeper,1
innocent,1
innovators,1
inside,2
instead,2
institute,1
insurance,4
intellect,1
interaction,1
interactions,1
interactive,1
internal,1
international,2
interpreted,1
intestine,4
into,6
introduction,1
invite,1
involved,1
involving,1
ionisation,4
iron,1
irritation,1
israel,2
issues,2
itchiness,1
iww,3
january,2
jericho,1
jerusalem,1
jobs,1
joe,1
john,1
jones,1
july,1
june,2
just,1
justice,10
justify,1
k,1
kappa,1
kidney,3
kidneys,2
kind,1
kingdom,1
known,3
l,1
labor,1
laboratorian,1
laboratory,1
laborers,2
labour,2
lamprey,1
landscaping,1
laparoscopic,1
large,1
largest,2
last,3
late,2
later,3
latin,1
latvia,2
latvian,2
lead,1
leaders,3
leading,1
leaf,1
learn,1
leaves,4
led,1
left,10
legacy,1
legal,1
legend,1
legislation,1
lendmark,7
leslie,2
less,1
leukocyte,1
level,1
licensed,1
lie,2
life,4
light,3
like,4
likely,1
limit,2
liquid,4
literature,1
liver,28
lives,1
living,1
ll,1
llc,5
loaf,1
local,1
locality,1
location,1
long,4
los,1
loses,1
lost,1
lot,2
lower,2
lumber,1
lungs,4
made,5
main,1
mainly,1
majestic,1
major,7
majority,1
make,1
making,2
management,4
manages,2
manhattan,13
manmade,1
manual,1
manufacturing,1
many,11
march,1
mark,1
marked,1
mary,1
mass,4
material,1
matter,2
matured,1
may,12
mccready,1
md,1
me70,1
meant,1
mechanism,1
med,2
mediation,1
medical,19
medication,2
medications,1
medicine,2
medieval,1
medium,1
meet,1
member,2
members,6
membership,1
mere,1
meta,4
metabolic,1
mexico,1
microscopic,1
might,3
migrated,1
mind,1
minds,1
mineral,1
minerals,3
mines,1
minnesota,1
mission,1
molecules,1
money,1
monotherapy,2
month,1
moon,3
more,7
most,10
mother,1
motive,1
motor,4
moved,1
moves,1
mtcr,1
much,3
multivitamins,1
musical,1
musician,1
my,1
n,1
naltrexone,1
name,3
named,3
nation,1
national,2
near,2
neck,1
need,3
nerves,1
neurological,5
neurone,4
never,1
new,7
nicknamed,1
nih,1
nineteenth,1
nly,1
no,4
non,1
nor,1
normal,2
north,3
not,16
noted,1
notion,1
novel,1
november,1
now,6
nuclear,4
number,1
numbered,1
nutrients,2
o,1
objections,1
obligation,1
obliterated,1
observance,1
observes,1
obstacles,1
obtained,1
obviously,2
occasionally,1
occasions,1
occur,5
ocean,1
off,1
offence,2
offender,14
offense,2
offered,1
offering,1
offerings,1
office,7
officer,3
offices,1
often,6
older,1
olive,2
ombination,2
once,2
one,7
ongoing,1
only,5
operational,1
opioid,1
opioidergic,1
oppenheimer,1
opposed,1
opposite,1
order,2
organic,2
organisation,1
organization,1
organize,1
organs,6
origins,1
other,10
our,6
out,1
outward,1
over,5
oversees,2
overthrow,1
oxidation,1
pacific,1
packages,1
page,2
pain,8
pains,1
pale,1
palestine,1
pancreas,2
pancreatitis,2
panels,2
paper,1
paraparesis,4
part,5
participants,1
particularly,1
parties,1
parts,4
party,1
passed,1
patient,1
patients,6
paving,2
pbc,12
peaceful,1
peasants,1
pee,1
peninsula,1
pentecost,2
people,8
per,1
percent,1
perform,2
performed,2
perhaps,3
pericardritis,1
period,4
permitted,1
peroxisomal,1
peroxisome,1
person,1
pharisaical,1
phi,1
philosophy,2
phloem,14
photograph,1
photosynthesis,4
photosynthetic,2
physicist,1
plant,8
planted,1
plants,5
plastic,1
please,1
pneumothorax,1
point,1
policies,1
policy,1
polyglandular,1
popular,1
portion,1
positively,1
possibility,1
possible,3
postponed,1
poverty,2
powered,1
powerful,1
practices,1
precedes,1
presence,2
present,4
presentation,4
presenting,1
presents,1
pressure,2
previous,1
price,1
primarily,1
primary,11
prime,1
principles,1
probation,1
problems,1
procedures,4
process,2
processes,1
produce,1
produced,2
production,1
products,3
profit,1
program,1
programs,1
progresses,1
progressive,1
prohibit,1
project,18
projects,1
promote,1
properly,2
protected,1
proud,1
provide,1
proximity,1
pruritus,3
pubmed,1
punishment,1
purpose,1
purposes,1
pursuit,1
put,2
qsr,1
quality,1
question,2
r,1
radical,1
railroads,1
rails,1
rains,1
raises,2
range,1
ranked,1
rapid,1
rates,1
rather,2
ray,1
rcts,2
re,1
reactor,1
reasons,4
receive,1
recently,1
records,1
recovery,1
red,2
refers,1
reflected,1
reflecting,1
reflux,1
region,1
regional,1
related,1
relations,1
relationship,4
relationships,1
relatively,1
relaxation,1
remain,2
remains,1
repair,3
repairing,2
replaced,1
replacing,1
representatives,2
represented,1
reproduced,1
require,1
requires,1
research,1
researchers,1
reserves,1
residential,1
resolve,1
resources,2
respected,1
respond,1
responding,1
responsible,1
restaurants,1
restorative,5
restrict,1
result,3
resulted,1
resulting,1
results,1
resurfacing,1
retail,1
retaining,2
returned,1
reveal,3
reverberating,1
review,2
revolutionary,1
rib,13
ribcage,1
ribs,8
rica,15
rich,2
rid,1
riga,2
right,3
rimary,2
ripened,1
ripens,1
rise,3
rising,1
risk,4
river,2
robert,1
role,2
roots,4
rule,1
running,3
ruptured,1
rye,1
s,26
sac,1
safety,2
saint,1
salt,1
sanhedrin,2
sap,3
satisfaction,1
saw,1
scar,1
scarring,2
school,1
science,1
scientific,2
scientists,1
screening,4
season,3
seasons,1
secale,1
second,2
secret,1
secretary,1
secreted,1
section,1
sector,1
securitization,1
security,1
see,6
seek,1
seen,3
selected,1
send,1
sense,1
sentence,1
september,1
serious,2
serum,1
served,1
serves,1
service,2
services,13
set,1
seven,1
several,2
sex,1
sexual,1
shade,2
shades,1
shaft,1
shaped,1
sharp,2
she,1
shop,1
short,3
should,3
shown,1
side,7
sieve,1
sign,2
signs,5
similar,1
simple,1
since,3
sinks,2
site,2
situation,1
sixth,1
sized,1
skilled,2
skin,1
slabs,2
slowly,1
small,3
smell,4
so,3
society,1
solidarity,1
soluble,1
solution,1
solutions,1
some,8
something,2
son,1
sooner,1
sour,1
source,3
sources,3
south,2
sown,2
spastic,4
specialized,2
specializes,1
specialties,1
specifically,1
spectrometry,4
spine,1
spleen,4
spots,1
spread,1
spring,2
staff,1
stage,1
staircases,2
stakeholders,2
staple,1
start,6
starters,2
starting,1
state,9
states,13
steel,3
stemmed,1
steps,1
sternum,1
steve,8
still,1
stomach,1
stones,1
stop,1
storage,1
storm,2
strategy,3
structures,4
struggle,1
stuck,3
study,1
stuff,1
subdivided,1
substance,2
substances,2
substitute,1
success,3
such,6
sucrose,3
sufficient,1
sugar,2
sugars,3
summer,1
support,3
surface,1
surfaces,1
surgeries,1
surgery,5
suspended,1
symptom,1
syndrome,1
synthesis,2
system,11
t,1
tabernacles,1
take,1
taken,1
taking,2
talmud,1
tandem,4
tell,2
temperate,1
tennessee,1
tensions,1
term,4
terminal,1
terms,1
test,4
than,5
their,7
then,5
theory,2
therapies,2
therapy,2
there,7
thereby,1
these,12
they,9
things,2
third,1
this,27
thorax,1
thought,1
thousands,2
threatened,3
threatening,1
three,2
through,6
thumb,1
thyroid,4
tibetan,1
time,3
timing,1
tissue,3
tissues,4
today,2
together,4
tolerant,2
took,1
tool,1
top,2
topics,1
tourism,6
tourist,1
tourists,2
tours,4
towards,1
toxins,1
traditional,1
training,2
transformation,1
transforming,1
translocates,1
transpiration,1
transplantation,1
transport,2
transportation,3
transported,1
transports,1
trauma,1
travel,2
travels,3
treasurer,1
treat,1
treatment,2
treatments,1
treaty,2
tree,1
tresca,1
tries,1
triticale,1
triticosecale,1
triticum,1
true,1
truly,1
tubers,1
turgor,1
turn,1
tutorial,1
twain,1
twist,1
two,2
types,2
u,4
udca,4
under,11
underlying,1
understanding,2
undertaking,1
unit,1
united,14
university,1
unknown,5
unleavened,1
unlike,1
unresolved,1
unskilled,1
until,1
unusual,1
up,4
upper,5
urea,1
uric,1
urinary,5
urinated,1
urination,1
urine,20
ursodeoxycholic,2
us,1
use,2
used,3
useful,6
uses,2
usually,13
vacation,1
values,1
variety,3
various,5
vascular,6
ve,1
verify,1
verses,1
versions,1
vertebral,1
vertebrates,1
very,6
vessels,1
veteran,1
victim,12
victims,2
views,1
vincent,1
violence,2
visionaries,1
visitors,1
visual,1
vital,1
vitamins,2
volume,1
volunteer,1
vulgare,1
wage,1
wall,1
walls,2
wanting,1
war,5
warmer,1
warner,1
waste,1
water,17
way,1
ways,2
we,2
wealth,1
weapon,1
weapons,1
website,2
websites,1
well,6
what,6
wheat,3
wheats,1
wheeler,11
when,6
where,5
whether,2
which,13
while,1
who,4
why,1
wide,2
widely,2
wife,1
william,1
winter,4
within,3
wittm,1
wkl,1
women,3
work,3
worker,1
workers,7
works,1
world,11
worried,1
worsens,1
would,5
writing,1
wrong,1
wrongdoing,1
www,1
x,1
xylem,7
year,10
years,6
yellow,6
you,13
your,20
yrh,1
